Data Uploaded; Data Downloaded; Upload Speed; Temperature #2; Download Speed; Used Space; Network Utilization; CPU Core #1; Fan #4; CPU Core #3; CPU Core #2; CPU Package; Memory Used; CPU Cores; Read Rate; Virtual Memory Available; +3V Standby; Fan #1; Temperature #3; Write Activity; CPU Core #4 Distance to TjMax; D3D Other; Bus Speed; CPU Core #4; CPU Core #2 Distance to TjMax; CPU Total; Memory; CPU Platform; D3D Shared Memory Free; Voltage #6; D3D Copy; Temperature #1; Voltage #4; Core Max; Voltage #3; D3D Overlay; D3D Video Processing; Voltage #2; Write Rate; Virtual Memory; Temperature; Core Average; Fan #3; CPU Core Max; Total Activity; Virtual Memory Used; D3D Video Decode; GPU Power; D3D Shared Memory Total; Voltage #5; Read Activity; CPU Core; CPU Core #3 Distance to TjMax; CMOS Battery; Temperature #4; CPU Core #1 Distance to TjMax; Memory Available; CPU Memory; D3D Shared Memory Used; Voltage #7; Voltage #1; Fan #2; D3D 3D; timestamp
0.0; 0.0; 0.0; 10.0; 0.0; 21.177413940429688; 0.0; 2923.203125; 50.0; 3427.20361328125; 80.0; 9.14965534210205; 9.52713394165039; 6.51233434677124; 9016049.0; 6.095508575439453; 3.6480000019073486; 50.0; 73.0; 13.850945472717285; 25.0; 0.0; 100.80010986328125; 25.218433380126953; 25.0; 40.39952087402344; 81.11164093017578; 0.0; 4141.3828125; 2.2320001125335693; 0.0; 10.0; 2.196000099182129; 80.0; 2.196000099182129; 0.0; 0.0; 1.1640000343322754; 15030102.0; 71.30945587158203; 40.0; 79.0; 50.0; 51.005409240722656; 12.430142402648926; 15.150196075439453; 0.0; 2.2385690212249756; 6013.80078125; 2.2320001125335693; 12.307441711425781; 1.0181884765625; 26.0; 3.384000062942505; 10.0; 28.0; 2.2185707092285156; 0.0; 1933.0234375; 2.2799999713897705; 1.2000000476837158; 0.0; 9.277227401733398; 2025-01-29 14:47:34.628165
0.0; 0.0; 0.0; 10.0; 0.0; 21.177413940429688; 0.0; 2923.203125; 50.0; 2923.203125; 84.0; 9.153450012207031; 9.511810302734375; 6.711170673370361; 1598329.25; 6.090709686279297; 3.6480000019073486; 50.0; 73.0; 38.21290969848633; 22.0; 0.0; 100.80010986328125; 10.519427299499512; 21.0; 33.98509216308594; 80.9811782836914; 0.0; 4080.77734375; 2.24399995803833; 0.0; 10.0; 2.196000099182129; 84.0; 2.196000099182129; 0.0; 0.0; 1.1640000343322754; 10226589.0; 71.33203887939453; 40.0; 83.5; 50.0; 60.845733642578125; 5.4525299072265625; 15.15499496459961; 0.0; 2.13670015335083; 6013.80078125; 2.2320001125335693; 13.239049911499023; 1.016845703125; 22.0; 3.384000062942505; 10.0; 21.0; 2.2338943481445312; 0.0; 1933.02734375; 2.2799999713897705; 1.2960000038146973; 0.0; 0.5426718592643738; 2025-01-29 14:47:35.488597
0.0; 0.0; 0.0; 10.0; 0.0; 21.177413940429688; 0.0; 3124.802490234375; 50.0; 3427.202880859375; 80.0; 10.040254592895508; 9.50668716430664; 7.522667407989502; 0.0; 6.108394622802734; 3.6480000019073486; 50.0; 77.0; 0.0; 22.0; 0.0; 100.80007934570312; 37.67986297607422; 25.0; 51.08061599731445; 80.93756103515625; 0.0; 4080.7734375; 2.2320001125335693; 0.0; 10.0; 2.196000099182129; 83.0; 2.196000099182129; 0.0; 0.0; 1.1640000343322754; 0.0; 71.2488021850586; 40.0; 81.5; 50.0; 58.452911376953125; 0.031194711104035378; 15.137310028076172; 0.0; 2.1518466472625732; 6013.80078125; 2.2320001125335693; 0.0; 1.0631103515625; 22.0; 3.384000062942505; 10.0; 25.0; 2.2390174865722656; 0.0; 1919.05078125; 2.2799999713897705; 1.2000000476837158; 0.0; 0.3676075041294098; 2025-01-29 14:47:36.339443
0.0; 0.0; 0.0; 10.0; 0.0; 21.177413940429688; 0.0; 3124.803955078125; 50.0; 3427.204345703125; 81.0; 8.054850578308105; 9.50467300415039; 5.645944118499756; 32534.880859375; 6.112667083740234; 3.624000072479248; 50.0; 72.0; 0.37517911195755005; 24.0; 0.0; 100.80013275146484; 4.771840572357178; 24.0; 26.37097930908203; 80.92041778564453; 0.0; 4094.75; 2.2320001125335693; 0.0; 10.0; 2.2079999446868896; 81.0; 2.196000099182129; 0.0; 0.0; 1.1640000343322754; 289255.4375; 71.22869110107422; 40.0; 80.0; 50.0; 44.57313537597656; 0.33630210161209106; 15.133037567138672; 0.0; 2.1389715671539307; 6013.80078125; 2.2320001125335693; 0.1609186828136444; 1.070068359375; 25.0; 3.384000062942505; 10.0; 27.0; 2.2410316467285156; 0.0; 1919.05078125; 2.2799999713897705; 1.284000039100647; 0.0; 0.43000999093055725; 2025-01-29 14:47:37.197308
0.0; 0.0; 0.0; 10.0; 0.0; 21.177413940429688; 0.0; 3124.802734375; 50.0; 3124.802734375; 80.0; 8.085618019104004; 9.499862670898438; 5.69043493270874; 32095.861328125; 6.115489959716797; 3.6480000019073486; 50.0; 73.0; 0.45873430371284485; 25.0; 0.0; 100.80008697509766; 3.9643466472625732; 25.0; 25.508058547973633; 80.87946319580078; 0.0; 4094.75; 2.24399995803833; 0.0; 10.0; 2.196000099182129; 80.0; 2.196000099182129; 0.0; 0.0; 1.1640000343322754; 212635.078125; 71.21540832519531; 40.0; 80.0; 50.0; 58.432090759277344; 0.43198737502098083; 15.13021469116211; 0.0; 2.127934455871582; 6013.80078125; 2.2320001125335693; 0.24341663718223572; 1.0714111328125; 25.0; 3.384000062942505; 10.0; 25.0; 2.2458419799804688; 0.0; 1919.05078125; 2.2799999713897705; 1.2000000476837158; 0.0; 0.4036434590816498; 2025-01-29 14:47:38.061490
0.0; 0.0; 0.0; 10.0; 0.0; 21.177413940429688; 0.0; 3124.803955078125; 50.0; 2923.203857421875; 81.0; 7.799264907836914; 9.496131896972656; 5.401705741882324; 32606.408203125; 6.117893218994141; 3.6480000019073486; 50.0; 73.0; 0.12330608069896698; 23.0; 0.0; 100.80013275146484; 2.324700355529785; 24.0; 25.966960906982422; 80.84770202636719; 0.0; 4094.75; 2.24399995803833; 0.0; 10.0; 2.196000099182129; 82.0; 2.196000099182129; 0.0; 0.0; 1.1640000343322754; 154880.4375; 71.20409393310547; 40.0; 81.25; 50.0; 49.65962219238281; 0.31385284662246704; 15.127811431884766; 0.0; 2.133471727371216; 6013.80078125; 2.2320001125335693; 0.2195248305797577; 1.066650390625; 24.0; 3.384000062942505; 10.0; 24.0; 2.24957275390625; 0.0; 1918.84765625; 2.2799999713897705; 1.2960000038146973; 0.0; 0.4165697693824768; 2025-01-29 14:47:38.919799
0.0; 0.0; 0.0; 10.0; 0.0; 21.177413940429688; 0.0; 3124.803955078125; 50.0; 2923.203857421875; 81.0; 7.799264907836914; 9.496131896972656; 5.401705741882324; 32606.408203125; 6.117893218994141; 3.6480000019073486; 50.0; 73.0; 0.12330608069896698; 23.0; 0.0; 100.80013275146484; 2.324700355529785; 24.0; 25.966960906982422; 80.84770202636719; 0.0; 4094.75; 2.24399995803833; 0.0; 10.0; 2.196000099182129; 82.0; 2.196000099182129; 0.0; 0.0; 1.1640000343322754; 154880.4375; 71.20409393310547; 40.0; 81.25; 50.0; 49.65962219238281; 0.31385284662246704; 15.127811431884766; 0.0; 2.133471727371216; 6013.80078125; 2.2320001125335693; 0.2195248305797577; 1.066650390625; 24.0; 3.384000062942505; 10.0; 24.0; 2.24957275390625; 0.0; 1918.84765625; 2.2799999713897705; 1.2960000038146973; 0.0; 0.4165697693824768; 2025-01-29 14:47:39.776494
0.0; 0.0; 0.0; 10.0; 0.0; 21.177413940429688; 0.0; 2923.102783203125; 50.0; 3124.696044921875; 79.0; 7.786818504333496; 9.481163024902344; 5.378868103027344; 0.0; 6.142559051513672; 3.624000072479248; 50.0; 73.0; 0.0; 26.0; 0.0; 100.79664611816406; 5.555182456970215; 26.0; 24.891698837280273; 80.72026062011719; 0.0; 4094.953125; 2.2320001125335693; 0.0; 10.0; 2.196000099182129; 79.0; 2.2079999446868896; 0.0; 0.0; 1.1640000343322754; 0.0; 71.08799743652344; 40.0; 78.25; 50.0; 40.23162841796875; 0.0; 15.103145599365234; 0.0; 2.1349010467529297; 6013.80078125; 2.2320001125335693; 0.0; 1.1859130859375; 26.0; 3.384000062942505; 10.0; 29.0; 2.2645416259765625; 0.0; 1918.84765625; 2.2799999713897705; 1.2960000038146973; 0.0; 0.4267219007015228; 2025-01-29 14:47:40.657362
0.0; 0.0; 0.0; 10.0; 0.0; 21.177413940429688; 0.0; 3124.91064453125; 50.0; 3124.91064453125; 80.0; 8.03944206237793; 9.479724884033203; 5.641885280609131; 32511.791015625; 6.143077850341797; 3.624000072479248; 50.0; 72.0; 0.1505918651819229; 24.0; 0.0; 100.8035659790039; 4.071652889251709; 25.0; 25.49240493774414; 80.70801544189453; 0.0; 4094.953125; 2.24399995803833; 0.0; 10.0; 2.196000099182129; 81.0; 2.196000099182129; 0.0; 0.0; 1.1759999990463257; 149351.046875; 71.08555603027344; 40.0; 80.25; 50.0; 50.67053985595703; 0.4232458472251892; 15.10262680053711; 0.0; 2.1301941871643066; 6013.80078125; 2.2320001125335693; 0.16727140545845032; 1.1837158203125; 25.0; 3.384000062942505; 10.0; 25.0; 2.265979766845703; 0.0; 1918.84765625; 2.2799999713897705; 1.3079999685287476; 0.0; 0.22878341376781464; 2025-01-29 14:47:41.627450
0.0; 0.0; 0.0; 10.0; 0.0; 21.177413940429688; 0.0; 3124.80322265625; 50.0; 3124.80322265625; 81.0; 8.077348709106445; 9.478179931640625; 5.671839237213135; 160130.796875; 6.142265319824219; 3.624000072479248; 50.0; 71.0; 0.1746947318315506; 25.0; 0.0; 100.80010223388672; 3.140401840209961; 24.0; 25.770950317382812; 80.69486236572266; 0.0; 4094.953125; 2.24399995803833; 0.0; 10.0; 2.2079999446868896; 83.0; 2.196000099182129; 0.0; 0.0; 1.1640000343322754; 377744.4375; 71.0893783569336; 40.0; 81.25; 50.0; 52.74938201904297; 0.6416701078414917; 15.103439331054688; 0.0; 2.132932424545288; 6013.80078125; 2.2320001125335693; 0.35430142283439636; 1.0706787109375; 22.0; 3.384000062942505; 10.0; 24.0; 2.2675247192382812; 0.0; 1918.84765625; 2.2799999713897705; 0.7440000176429749; 0.0; 0.4212842583656311; 2025-01-29 14:47:42.535787
0.0; 0.0; 0.0; 10.0; 0.0; 21.177413940429688; 0.0; 2923.203369140625; 50.0; 3124.8037109375; 83.0; 9.162032127380371; 9.476364135742188; 6.684055805206299; 94066.765625; 6.141170501708984; 3.624000072479248; 50.0; 75.0; 0.2105322927236557; 20.0; 0.0; 100.80011749267578; 12.055099487304688; 22.0; 33.37788391113281; 80.67939758300781; 0.0; 4094.953125; 2.24399995803833; 0.0; 10.0; 2.2079999446868896; 85.0; 2.196000099182129; 0.0; 0.0; 1.1640000343322754; 198869.421875; 71.09452819824219; 40.0; 82.75; 50.0; 57.85162353515625; 0.42120441794395447; 15.104534149169922; 0.0; 2.1436572074890137; 6013.80078125; 2.2320001125335693; 0.27313753962516785; 1.0076904296875; 22.0; 3.384000062942505; 10.0; 25.0; 2.2693405151367188; 0.0; 1918.84765625; 2.2799999713897705; 1.2960000038146973; 0.0; 0.4215640723705292; 2025-01-29 14:47:43.415771
0.0; 0.0; 0.0; 10.0; 0.0; 21.177413940429688; 0.0; 3124.803466796875; 50.0; 3124.803466796875; 79.0; 8.660401344299316; 9.47671127319336; 6.084574222564697; 175007.375; 6.142280578613281; 3.624000072479248; 50.0; 74.0; 0.0; 22.0; 0.0; 100.80010986328125; 21.4325008392334; 26.0; 37.63874816894531; 80.68235778808594; 0.0; 4094.953125; 2.24399995803833; 0.0; 10.0; 2.2079999446868896; 83.0; 2.2079999446868896; 0.0; 0.0; 1.1640000343322754; 0.0; 71.08930969238281; 40.0; 80.5; 50.0; 46.29684066772461; 0.13400164246559143; 15.103424072265625; 0.0; 2.223576307296753; 6013.80078125; 2.2320001125335693; 0.1485406905412674; 1.185302734375; 25.0; 3.384000062942505; 10.0; 25.0; 2.268993377685547; 0.0; 1925.26171875; 2.2799999713897705; 1.284000039100647; 0.0; 5.311101913452148; 2025-01-29 14:47:44.292140
0.0; 0.0; 0.0; 10.0; 0.0; 21.177413940429688; 0.0; 2923.20263671875; 50.0; 3124.802978515625; 79.0; 8.21950626373291; 9.479621887207031; 5.775483131408691; 409298.25; 6.143501281738281; 3.6480000019073486; 50.0; 74.0; 0.2538524866104126; 24.0; 0.0; 100.80009460449219; 4.193061828613281; 26.0; 28.20252227783203; 80.70713806152344; 0.0; 4088.5390625; 2.2320001125335693; 0.0; 10.0; 2.2079999446868896; 81.0; 2.2079999446868896; 0.0; 0.0; 1.1640000343322754; 170370.40625; 71.08356475830078; 40.0; 80.0; 50.0; 48.925697326660156; 0.5106521248817444; 15.102203369140625; 0.0; 2.1487228870391846; 6013.80078125; 2.2320001125335693; 0.3377806544303894; 1.1865234375; 24.0; 3.384000062942505; 10.0; 26.0; 2.266082763671875; 0.0; 1923.63671875; 2.2799999713897705; 1.2960000038146973; 0.0; 1.083163857460022; 2025-01-29 14:47:45.147113
0.0; 0.0; 0.0; 10.0; 0.0; 21.177413940429688; 0.0; 3124.8037109375; 50.0; 3124.8037109375; 81.0; 8.199427604675293; 9.434989929199219; 5.782919883728027; 0.0; 6.142158508300781; 3.6480000019073486; 50.0; 74.0; 9.382017135620117; 24.0; 0.0; 100.80012512207031; 7.46152400970459; 24.0; 28.760438919067383; 80.3271484375; 0.0; 4090.1640625; 2.24399995803833; 0.0; 10.0; 2.196000099182129; 81.0; 2.2079999446868896; 0.0; 0.0; 1.1759999990463257; 15072809.0; 71.08988189697266; 40.0; 80.25; 50.0; 54.288421630859375; 5.79189920425415; 15.103546142578125; 0.0; 2.1417746543884277; 6013.80078125; 2.2320001125335693; 0.0; 1.066162109375; 24.0; 3.384000062942505; 10.0; 27.0; 2.3107147216796875; 0.0; 1923.63671875; 2.2799999713897705; 1.284000039100647; 0.0; 0.23114831745624542; 2025-01-29 14:47:46.036280
0.0; 0.0; 0.0; 10.0; 0.0; 21.177413940429688; 0.0; 3124.8037109375; 50.0; 3124.8037109375; 81.0; 8.199427604675293; 9.434989929199219; 5.782919883728027; 0.0; 6.142158508300781; 3.6480000019073486; 50.0; 74.0; 9.382017135620117; 24.0; 0.0; 100.80012512207031; 7.46152400970459; 24.0; 28.760438919067383; 80.3271484375; 0.0; 4090.1640625; 2.24399995803833; 0.0; 10.0; 2.196000099182129; 81.0; 2.2079999446868896; 0.0; 0.0; 1.1759999990463257; 15072809.0; 71.08988189697266; 40.0; 80.25; 50.0; 54.288421630859375; 5.79189920425415; 15.103546142578125; 0.0; 2.1417746543884277; 6013.80078125; 2.2320001125335693; 0.0; 1.066162109375; 24.0; 3.384000062942505; 10.0; 27.0; 2.3107147216796875; 0.0; 1923.63671875; 2.2799999713897705; 1.284000039100647; 0.0; 0.23114831745624542; 2025-01-29 14:47:46.899860
0.0; 0.0; 0.0; 10.0; 0.0; 21.177413940429688; 0.0; 3124.803466796875; 50.0; 3124.803466796875; 77.0; 7.524782657623291; 9.42108154296875; 5.125594139099121; 16087.4111328125; 6.162654876708984; 3.6480000019073486; 50.0; 74.0; 0.015168555080890656; 27.0; 0.0; 100.80010986328125; 1.4886319637298584; 28.0; 24.06276512145996; 80.208740234375; 0.0; 4090.1640625; 2.24399995803833; 0.0; 10.0; 2.2079999446868896; 78.0; 2.2079999446868896; 0.0; 0.0; 1.1640000343322754; 36196.67578125; 70.993408203125; 40.0; 76.0; 50.0; 51.60382843017578; 0.05778777599334717; 15.083049774169922; 0.0; 2.136385917663574; 6013.80078125; 2.2320001125335693; 0.030857454985380173; 1.070556640625; 28.0; 3.384000062942505; 10.0; 33.0; 2.3246231079101562; 0.0; 1923.63671875; 2.2799999713897705; 1.2960000038146973; 0.0; 0.4202916920185089; 2025-01-29 14:47:47.760024
0.0; 0.0; 0.0; 10.0; 0.0; 21.177413940429688; 0.0; 3124.802734375; 50.0; 3427.202880859375; 80.0; 8.137292861938477; 9.405460357666016; 5.6944899559021; 0.0; 6.162876129150391; 3.624000072479248; 50.0; 74.0; 0.0752950981259346; 24.0; 0.0; 100.80008697509766; 5.46804666519165; 25.0; 29.878902435302734; 80.07574462890625; 0.0; 4090.1640625; 2.2320001125335693; 0.0; 10.0; 2.196000099182129; 81.0; 2.2079999446868896; 0.0; 0.0; 1.1640000343322754; 69230.703125; 70.99237060546875; 40.0; 80.25; 50.0; 56.03741455078125; 0.3034280240535736; 15.082828521728516; 0.0; 2.1442513465881348; 6013.80078125; 2.2320001125335693; 0.0; 1.0704345703125; 25.0; 3.384000062942505; 10.0; 25.0; 2.3402442932128906; 0.0; 1923.63671875; 2.2799999713897705; 0.7440000176429749; 0.0; 0.4159480035305023; 2025-01-29 14:47:48.606811
0.0; 0.0; 0.0; 10.0; 0.0; 21.177413940429688; 0.0; 2923.203125; 50.0; 2923.203125; 80.0; 8.049092292785645; 9.411209106445312; 5.636086940765381; 0.0; 6.160327911376953; 3.6480000019073486; 50.0; 72.0; 0.04689573124051094; 26.0; 0.0; 100.80010986328125; 2.965611219406128; 25.0; 25.966543197631836; 80.12468719482422; 0.0; 4090.1640625; 2.24399995803833; 0.0; 10.0; 2.2079999446868896; 80.0; 2.196000099182129; 0.0; 0.0; 1.1640000343322754; 74107.46875; 71.00436401367188; 40.0; 79.5; 50.0; 57.07520294189453; 0.09003821015357971; 15.085376739501953; 0.0; 2.1381258964538574; 6013.80078125; 2.2320001125335693; 0.0; 1.0257568359375; 26.0; 3.384000062942505; 10.0; 25.0; 2.3344955444335938; 0.0; 1923.63671875; 2.2799999713897705; 1.284000039100647; 0.0; 0.4208737313747406; 2025-01-29 14:47:49.465325
0.0; 0.0; 0.0; 10.0; 0.0; 21.177413940429688; 0.0; 3124.8037109375; 50.0; 3427.2041015625; 80.0; 8.104439735412598; 9.41292953491211; 5.694422245025635; 48350.07421875; 6.160076141357422; 3.6480000019073486; 50.0; 73.0; 0.1713683307170868; 24.0; 0.0; 100.80011749267578; 0.5622982978820801; 25.0; 24.99290657043457; 80.13933563232422; 0.0; 4090.1640625; 2.2320001125335693; 0.0; 10.0; 2.2079999446868896; 81.0; 2.196000099182129; 0.0; 0.0; 1.1640000343322754; 321326.53125; 71.00554656982422; 40.0; 80.0; 50.0; 55.55124282836914; 0.5341445207595825; 15.085628509521484; 0.0; 2.13865065574646; 6013.80078125; 2.2320001125335693; 0.16531124711036682; 1.0662841796875; 25.0; 3.384000062942505; 10.0; 26.0; 2.332775115966797; 0.0; 1923.63671875; 2.2799999713897705; 1.2960000038146973; 0.0; 0.4103970527648926; 2025-01-29 14:47:50.321457
0.0; 0.0; 0.0; 10.0; 0.0; 21.177413940429688; 0.0; 2923.202880859375; 50.0; 3124.802978515625; 79.0; 7.993171691894531; 9.41396713256836; 5.5955891609191895; 0.0; 6.162776947021484; 3.6480000019073486; 50.0; 73.0; 0.04301132261753082; 23.0; 0.0; 100.80009460449219; 3.9354681968688965; 26.0; 26.17250633239746; 80.1481704711914; 0.0; 4090.1640625; 2.2320001125335693; 0.0; 10.0; 2.2079999446868896; 82.0; 2.196000099182129; 0.0; 0.0; 1.1640000343322754; 20688.78515625; 70.99282836914062; 40.0; 79.75; 50.0; 59.02472686767578; 0.014286588877439499; 15.082927703857422; 0.0; 2.1324760913848877; 6013.80078125; 2.2320001125335693; 0.0; 1.1856689453125; 26.0; 3.384000062942505; 10.0; 26.0; 2.331737518310547; 0.0; 1919.015625; 2.2799999713897705; 1.2960000038146973; 0.0; 0.23423337936401367; 2025-01-29 14:47:51.165908
0.0; 0.0; 0.0; 10.0; 0.0; 21.177413940429688; 0.0; 3124.80322265625; 50.0; 2923.203125; 83.0; 7.982329845428467; 9.413093566894531; 5.579433917999268; 0.0; 6.16705322265625; 3.6480000019073486; 50.0; 73.0; 0.04288163781166077; 22.0; 0.0; 100.80010986328125; 9.518957138061523; 22.0; 26.273704528808594; 80.14073181152344; 0.0; 4094.78515625; 2.2320001125335693; 0.0; 10.0; 2.2079999446868896; 83.0; 2.196000099182129; 0.0; 0.0; 1.1640000343322754; 114774.0703125; 70.97270202636719; 40.0; 83.0; 50.0; 42.892730712890625; 0.14445658028125763; 15.078651428222656; 0.0; 2.137685537338257; 6013.80078125; 2.2320001125335693; 0.0; 1.185791015625; 22.0; 3.384000062942505; 10.0; 22.0; 2.332611083984375; 0.0; 1919.015625; 2.2799999713897705; 1.284000039100647; 0.0; 0.4226017892360687; 2025-01-29 14:47:52.023747
0.0; 0.0; 0.0; 10.0; 0.0; 21.177413940429688; 0.0; 3124.80322265625; 50.0; 2923.203125; 83.0; 7.982329845428467; 9.413093566894531; 5.579433917999268; 0.0; 6.16705322265625; 3.6480000019073486; 50.0; 73.0; 0.04288163781166077; 22.0; 0.0; 100.80010986328125; 9.518957138061523; 22.0; 26.273704528808594; 80.14073181152344; 0.0; 4094.78515625; 2.2320001125335693; 0.0; 10.0; 2.2079999446868896; 83.0; 2.196000099182129; 0.0; 0.0; 1.1640000343322754; 114774.0703125; 70.97270202636719; 40.0; 83.0; 50.0; 42.892730712890625; 0.14445658028125763; 15.078651428222656; 0.0; 2.137685537338257; 6013.80078125; 2.2320001125335693; 0.0; 1.185791015625; 22.0; 3.384000062942505; 10.0; 22.0; 2.332611083984375; 0.0; 1919.015625; 2.2799999713897705; 1.284000039100647; 0.0; 0.4226017892360687; 2025-01-29 14:47:52.878862
0.0; 0.0; 0.0; 10.0; 0.0; 21.177413940429688; 0.0; 3427.2041015625; 50.0; 3427.2041015625; 72.0; 7.54982852935791; 9.412891387939453; 5.1500067710876465; 16273.828125; 6.166591644287109; 3.6480000019073486; 50.0; 74.0; 0.040316227823495865; 27.0; 0.0; 100.80011749267578; 0.0; 33.0; 22.721994400024414; 80.13900756835938; 0.0; 4094.78515625; 2.24399995803833; 0.0; 10.0; 2.2079999446868896; 79.0; 2.2079999446868896; 0.0; 0.0; 1.1640000343322754; 53398.49609375; 70.9748764038086; 40.0; 75.25; 50.0; 54.61884689331055; 0.11688726395368576; 15.079113006591797; 0.0; 2.139845371246338; 6013.80078125; 2.2320001125335693; 0.056700900197029114; 1.07080078125; 26.0; 3.384000062942505; 10.0; 33.0; 2.332813262939453; 0.0; 1919.015625; 2.2799999713897705; 1.284000039100647; 0.0; 0.4168459475040436; 2025-01-29 14:47:53.736407
0.0; 0.0; 0.0; 10.0; 0.0; 21.177413940429688; 0.0; 2923.203125; 50.0; 3124.80322265625; 81.0; 8.123819351196289; 9.41448974609375; 5.712682247161865; 0.0; 6.1630401611328125; 3.6480000019073486; 50.0; 73.0; 0.006002524401992559; 24.0; 0.0; 100.80010986328125; 3.6583900451660156; 24.0; 25.354755401611328; 80.15261840820312; 0.0; 4094.78515625; 2.24399995803833; 0.0; 10.0; 2.2079999446868896; 81.0; 2.196000099182129; 0.0; 0.0; 1.1640000343322754; 1012.1106567382812; 70.99159240722656; 40.0; 80.0; 50.0; 49.48051452636719; 0.0; 15.082664489746094; 0.0; 2.142360210418701; 6013.80078125; 2.2320001125335693; 0.0; 1.0679931640625; 24.0; 3.384000062942505; 10.0; 28.0; 2.3312149047851562; 0.0; 1919.015625; 2.2799999713897705; 1.284000039100647; 0.0; 0.4195042550563812; 2025-01-29 14:47:54.594787
0.0; 0.0; 0.0; 10.0; 0.0; 21.177413940429688; 0.0; 3124.802734375; 50.0; 3124.802734375; 81.0; 8.072328567504883; 9.414653778076172; 5.659435272216797; 0.0; 6.161350250244141; 3.6480000019073486; 50.0; 72.0; 0.04354596138000488; 24.0; 0.0; 100.80008697509766; 3.727388381958008; 24.0; 25.2349853515625; 80.15401458740234; 0.0; 4094.78515625; 2.2320001125335693; 0.0; 10.0; 2.196000099182129; 81.0; 2.196000099182129; 0.0; 0.0; 1.1640000343322754; 73549.8359375; 70.99954986572266; 40.0; 80.5; 50.0; 47.6023063659668; 0.18925437331199646; 15.084354400634766; 0.0; 2.141425848007202; 6013.80078125; 2.2320001125335693; 0.0; 1.07080078125; 24.0; 3.384000062942505; 10.0; 26.0; 2.3310508728027344; 0.0; 1919.015625; 2.2799999713897705; 1.2960000038146973; 0.0; 0.4142950475215912; 2025-01-29 14:47:55.448255
0.0; 0.0; 0.0; 10.0; 0.0; 21.177413940429688; 0.0; 3124.8037109375; 50.0; 3124.8037109375; 80.0; 8.048310279846191; 9.415184020996094; 5.636751651763916; 16162.3017578125; 6.161415100097656; 3.624000072479248; 50.0; 73.0; 0.0533134900033474; 23.0; 0.0; 100.80011749267578; 2.992534637451172; 25.0; 26.483327865600586; 80.15853118896484; 0.0; 4094.78515625; 2.24399995803833; 0.0; 10.0; 2.2079999446868896; 82.0; 2.196000099182129; 0.0; 0.0; 1.1640000343322754; 68689.78125; 70.9992446899414; 40.0; 81.25; 50.0; 54.486907958984375; 0.17874713242053986; 15.08428955078125; 0.0; 2.140258550643921; 6013.80078125; 2.2320001125335693; 0.03385593742132187; 1.070068359375; 24.0; 3.384000062942505; 10.0; 23.0; 2.3305206298828125; 0.0; 1863.109375; 2.2799999713897705; 1.3079999685287476; 0.0; 0.2301178276538849; 2025-01-29 14:47:56.300128
0.0; 0.0; 0.0; 10.0; 0.0; 21.177413940429688; 0.0; 3124.803466796875; 50.0; 3124.803466796875; 80.0; 8.014785766601562; 9.415382385253906; 5.6016340255737305; 0.0; 6.161380767822266; 3.6480000019073486; 50.0; 74.0; 0.013089733198285103; 22.0; 0.0; 100.80010986328125; 3.6024630069732666; 25.0; 25.64116096496582; 80.16021728515625; 0.0; 4150.69140625; 2.24399995803833; 0.0; 10.0; 2.2079999446868896; 83.0; 2.2079999446868896; 0.0; 0.0; 1.1640000343322754; 24236.353515625; 70.99940490722656; 40.0; 81.0; 50.0; 45.19802474975586; 0.06023053079843521; 15.08432388305664; 0.0; 2.142852544784546; 6013.80078125; 2.2320001125335693; 0.0; 1.020263671875; 25.0; 3.384000062942505; 10.0; 24.0; 2.330322265625; 0.0; 1863.109375; 2.2799999713897705; 1.284000039100647; 0.0; 0.41235125064849854; 2025-01-29 14:47:57.191094
0.0; 0.0; 0.0; 10.0; 0.0; 21.177413940429688; 0.0; 3124.80322265625; 50.0; 3427.20361328125; 80.0; 7.883467674255371; 9.412418365478516; 5.476773262023926; 0.0; 6.164386749267578; 3.624000072479248; 50.0; 75.0; 0.01866528019309044; 22.0; 0.0; 100.80010986328125; 1.0734736919403076; 25.0; 24.87744140625; 80.13497924804688; 0.0; 4150.69140625; 2.2320001125335693; 0.0; 10.0; 2.2079999446868896; 83.0; 2.196000099182129; 0.0; 0.0; 1.1640000343322754; 49186.546875; 70.98526000976562; 40.0; 80.5; 50.0; 52.05731201171875; 0.007005734834820032; 15.081317901611328; 0.0; 2.1428062915802; 6013.80078125; 2.2320001125335693; 0.0; 1.094970703125; 25.0; 3.384000062942505; 10.0; 26.0; 2.3332862854003906; 0.0; 1863.109375; 2.2799999713897705; 1.2960000038146973; 0.0; 0.4309427738189697; 2025-01-29 14:47:58.041560
0.0; 0.0; 0.0; 10.0; 0.0; 21.177413940429688; 0.0; 3124.80322265625; 50.0; 3427.20361328125; 80.0; 7.883467674255371; 9.412418365478516; 5.476773262023926; 0.0; 6.164386749267578; 3.624000072479248; 50.0; 75.0; 0.01866528019309044; 22.0; 0.0; 100.80010986328125; 1.0734736919403076; 25.0; 24.87744140625; 80.13497924804688; 0.0; 4150.69140625; 2.2320001125335693; 0.0; 10.0; 2.2079999446868896; 83.0; 2.196000099182129; 0.0; 0.0; 1.1640000343322754; 49186.546875; 70.98526000976562; 40.0; 80.5; 50.0; 52.05731201171875; 0.007005734834820032; 15.081317901611328; 0.0; 2.1428062915802; 6013.80078125; 2.2320001125335693; 0.0; 1.094970703125; 25.0; 3.384000062942505; 10.0; 26.0; 2.3332862854003906; 0.0; 1863.109375; 2.2799999713897705; 1.2960000038146973; 0.0; 0.4309427738189697; 2025-01-29 14:47:58.933793
0.0; 0.0; 0.0; 10.0; 0.0; 21.177413940429688; 0.0; 3427.20361328125; 50.0; 3124.803466796875; 72.0; 7.926907539367676; 9.446731567382812; 5.4969353675842285; 0.0; 6.161487579345703; 3.624000072479248; 50.0; 75.0; 0.04870392754673958; 26.0; 0.0; 100.80010986328125; 10.787028312683105; 33.0; 28.892887115478516; 80.42711639404297; 0.0; 4150.69140625; 2.2320001125335693; 0.0; 10.0; 2.2079999446868896; 79.0; 2.2079999446868896; 0.0; 0.0; 1.1759999990463257; 198137.40625; 70.9989013671875; 40.0; 75.5; 50.0; 45.0007209777832; 0.08790293335914612; 15.084217071533203; 0.0; 2.1449601650238037; 6013.80078125; 2.2320001125335693; 0.0; 1.185302734375; 26.0; 3.384000062942505; 10.0; 33.0; 2.2989730834960938; 0.0; 1863.109375; 2.2799999713897705; 1.2960000038146973; 0.0; 0.4252018332481384; 2025-01-29 14:47:59.796504
0.0; 0.0; 0.0; 10.0; 0.0; 21.177413940429688; 0.0; 3124.80322265625; 50.0; 3124.80322265625; 81.0; 8.245767593383789; 9.446884155273438; 5.809570789337158; 96535.9375; 6.159320831298828; 3.624000072479248; 50.0; 74.0; 0.38540250062942505; 23.0; 0.0; 100.80010223388672; 8.648193359375; 24.0; 27.32770538330078; 80.42841339111328; 0.0; 4150.69140625; 2.2320001125335693; 0.0; 10.0; 2.2079999446868896; 84.0; 2.196000099182129; 0.0; 0.0; 1.1640000343322754; 155362.515625; 71.00910186767578; 40.0; 81.75; 50.0; 45.368839263916016; 0.3077465295791626; 15.086383819580078; 0.0; 2.1518239974975586; 6013.80078125; 2.2320001125335693; 0.16369810700416565; 1.018310546875; 21.0; 3.384000062942505; 10.0; 25.0; 2.2988204956054688; 0.0; 1863.140625; 2.2799999713897705; 1.2960000038146973; 0.0; 1.178037166595459; 2025-01-29 14:48:00.664652
0.0; 0.0; 0.0; 10.0; 0.0; 21.177413940429688; 0.0; 3124.802978515625; 50.0; 3124.802978515625; 79.0; 8.17726993560791; 9.457393646240234; 5.744997501373291; 32893.80859375; 6.159320831298828; 3.624000072479248; 50.0; 73.0; 0.4223039746284485; 24.0; 0.0; 100.80009460449219; 7.150631904602051; 26.0; 27.47837257385254; 80.51789093017578; 0.0; 4150.66015625; 2.24399995803833; 0.0; 10.0; 2.2079999446868896; 81.0; 2.2079999446868896; 0.0; 0.0; 1.1640000343322754; 566904.25; 71.00910186767578; 40.0; 79.5; 50.0; 49.13979721069336; 0.319383829832077; 15.086383819580078; 0.0; 2.1498284339904785; 6013.80078125; 2.2320001125335693; 0.09412424266338348; 1.0257568359375; 26.0; 3.384000062942505; 10.0; 26.0; 2.288311004638672; 0.0; 1863.140625; 2.2799999713897705; 1.284000039100647; 0.0; 0.870272696018219; 2025-01-29 14:48:01.524415
